{
  "username": "aderyabin",
  "tweets": 67,
  "ownTweets": 36,
  "ownTweetsPercentage": 53.731343283582085,
  "retweets": 8,
  "retweetsPercentage": 11.940298507462686,
  "replies": 23,
  "repliesPercentage": 34.32835820895522,
  "retweeted": 29,
  "retweetedKpi": 0.81,
  "favorited": 71,
  "favoritedKpi": 1.97
}
