{
  "username": "aderyabin",
  "tweets": 82,
  "ownTweets": 46,
  "ownTweetsPercentage": 56.09756097560976,
  "retweets": 10,
  "retweetsPercentage": 12.195121951219512,
  "replies": 26,
  "repliesPercentage": 31.707317073170735,
  "retweeted": 37,
  "retweetedKpi": 0.8,
  "favorited": 86,
  "favoritedKpi": 1.87
}
