{
  "username": "aderyabin",
  "tweets": 69,
  "ownTweets": 36,
  "ownTweetsPercentage": 52.173913043478265,
  "retweets": 9,
  "retweetsPercentage": 13.043478260869566,
  "replies": 24,
  "repliesPercentage": 34.78260869565218,
  "retweeted": 29,
  "retweetedKpi": 0.81,
  "favorited": 73,
  "favoritedKpi": 2.03
}
