{
  "username": "anton_davydov",
  "tweets": 328,
  "ownTweets": 24,
  "ownTweetsPercentage": 7.317073170731708,
  "retweets": 202,
  "retweetsPercentage": 61.58536585365854,
  "replies": 102,
  "repliesPercentage": 31.097560975609756,
  "retweeted": 13,
  "retweetedKpi": 0.54,
  "favorited": 14,
  "favoritedKpi": 0.58
}
