{
  "username": "artemeff",
  "tweets": 327,
  "ownTweets": 52,
  "ownTweetsPercentage": 15.902140672782874,
  "retweets": 151,
  "retweetsPercentage": 46.17737003058104,
  "replies": 124,
  "repliesPercentage": 37.920489296636084,
  "retweeted": 5,
  "retweetedKpi": 0.1,
  "favorited": 12,
  "favoritedKpi": 0.23
}
