{
  "username": "common_disease",
  "tweets": 488,
  "ownTweets": 168,
  "ownTweetsPercentage": 34.42622950819672,
  "retweets": 197,
  "retweetsPercentage": 40.368852459016395,
  "replies": 123,
  "repliesPercentage": 25.204918032786885,
  "retweeted": 28,
  "retweetedKpi": 0.17,
  "favorited": 60,
  "favoritedKpi": 0.36
}
