{
  "username": "common_disease",
  "tweets": 558,
  "ownTweets": 189,
  "ownTweetsPercentage": 33.87096774193548,
  "retweets": 231,
  "retweetsPercentage": 41.39784946236559,
  "replies": 138,
  "repliesPercentage": 24.731182795698924,
  "retweeted": 33,
  "retweetedKpi": 0.17,
  "favorited": 72,
  "favoritedKpi": 0.38
}
