{
  "username": "common_disease",
  "tweets": 667,
  "ownTweets": 219,
  "ownTweetsPercentage": 32.8335832083958,
  "retweets": 274,
  "retweetsPercentage": 41.079460269865066,
  "replies": 174,
  "repliesPercentage": 26.08695652173913,
  "retweeted": 47,
  "retweetedKpi": 0.21,
  "favorited": 76,
  "favoritedKpi": 0.35
}
