{
  "username": "common_disease",
  "tweets": 181,
  "ownTweets": 54,
  "ownTweetsPercentage": 29.834254143646408,
  "retweets": 76,
  "retweetsPercentage": 41.988950276243095,
  "replies": 51,
  "repliesPercentage": 28.176795580110497,
  "retweeted": 15,
  "retweetedKpi": 0.28,
  "favorited": 28,
  "favoritedKpi": 0.52
}
