{
  "username": "common_disease",
  "tweets": 570,
  "ownTweets": 193,
  "ownTweetsPercentage": 33.859649122807014,
  "retweets": 235,
  "retweetsPercentage": 41.228070175438596,
  "replies": 142,
  "repliesPercentage": 24.912280701754383,
  "retweeted": 33,
  "retweetedKpi": 0.17,
  "favorited": 72,
  "favoritedKpi": 0.37
}
