{
  "username": "common_disease",
  "tweets": 243,
  "ownTweets": 77,
  "ownTweetsPercentage": 31.687242798353907,
  "retweets": 101,
  "retweetsPercentage": 41.56378600823045,
  "replies": 65,
  "repliesPercentage": 26.748971193415635,
  "retweeted": 19,
  "retweetedKpi": 0.25,
  "favorited": 33,
  "favoritedKpi": 0.43
}
