{
  "username": "common_disease",
  "tweets": 711,
  "ownTweets": 233,
  "ownTweetsPercentage": 32.77074542897328,
  "retweets": 294,
  "retweetsPercentage": 41.35021097046413,
  "replies": 184,
  "repliesPercentage": 25.879043600562586,
  "retweeted": 53,
  "retweetedKpi": 0.23,
  "favorited": 82,
  "favoritedKpi": 0.35
}
