{
  "username": "dzaporozhets",
  "tweets": 132,
  "ownTweets": 73,
  "ownTweetsPercentage": 55.3030303030303,
  "retweets": 34,
  "retweetsPercentage": 25.757575757575758,
  "replies": 25,
  "repliesPercentage": 18.939393939393938,
  "retweeted": 20,
  "retweetedKpi": 0.27,
  "favorited": 62,
  "favoritedKpi": 0.85
}
