{
  "username": "dzaporozhets",
  "tweets": 284,
  "ownTweets": 137,
  "ownTweetsPercentage": 48.23943661971831,
  "retweets": 73,
  "retweetsPercentage": 25.704225352112676,
  "replies": 74,
  "repliesPercentage": 26.056338028169016,
  "retweeted": 53,
  "retweetedKpi": 0.39,
  "favorited": 209,
  "favoritedKpi": 1.53
}
