{
  "username": "dzaporozhets",
  "tweets": 161,
  "ownTweets": 91,
  "ownTweetsPercentage": 56.52173913043478,
  "retweets": 41,
  "retweetsPercentage": 25.465838509316768,
  "replies": 29,
  "repliesPercentage": 18.012422360248447,
  "retweeted": 28,
  "retweetedKpi": 0.31,
  "favorited": 78,
  "favoritedKpi": 0.86
}
