{
  "username": "dzaporozhets",
  "tweets": 121,
  "ownTweets": 66,
  "ownTweetsPercentage": 54.54545454545455,
  "retweets": 33,
  "retweetsPercentage": 27.272727272727273,
  "replies": 22,
  "repliesPercentage": 18.181818181818183,
  "retweeted": 13,
  "retweetedKpi": 0.2,
  "favorited": 52,
  "favoritedKpi": 0.79
}
