{
  "username": "dzaporozhets",
  "tweets": 212,
  "ownTweets": 110,
  "ownTweetsPercentage": 51.886792452830186,
  "retweets": 50,
  "retweetsPercentage": 23.58490566037736,
  "replies": 52,
  "repliesPercentage": 24.528301886792452,
  "retweeted": 40,
  "retweetedKpi": 0.36,
  "favorited": 140,
  "favoritedKpi": 1.27
}
