{
  "username": "dzaporozhets",
  "tweets": 259,
  "ownTweets": 126,
  "ownTweetsPercentage": 48.64864864864865,
  "retweets": 71,
  "retweetsPercentage": 27.413127413127416,
  "replies": 62,
  "repliesPercentage": 23.93822393822394,
  "retweeted": 47,
  "retweetedKpi": 0.37,
  "favorited": 159,
  "favoritedKpi": 1.26
}
