{
  "username": "dzaporozhets",
  "tweets": 188,
  "ownTweets": 103,
  "ownTweetsPercentage": 54.787234042553195,
  "retweets": 43,
  "retweetsPercentage": 22.872340425531917,
  "replies": 42,
  "repliesPercentage": 22.340425531914896,
  "retweeted": 37,
  "retweetedKpi": 0.36,
  "favorited": 92,
  "favoritedKpi": 0.89
}
