{
  "username": "dzaporozhets",
  "tweets": 280,
  "ownTweets": 137,
  "ownTweetsPercentage": 48.92857142857143,
  "retweets": 72,
  "retweetsPercentage": 25.714285714285715,
  "replies": 71,
  "repliesPercentage": 25.357142857142858,
  "retweeted": 53,
  "retweetedKpi": 0.39,
  "favorited": 210,
  "favoritedKpi": 1.53
}
