{
  "username": "dzaporozhets",
  "tweets": 286,
  "ownTweets": 138,
  "ownTweetsPercentage": 48.25174825174825,
  "retweets": 74,
  "retweetsPercentage": 25.874125874125877,
  "replies": 74,
  "repliesPercentage": 25.874125874125877,
  "retweeted": 54,
  "retweetedKpi": 0.39,
  "favorited": 215,
  "favoritedKpi": 1.56
}
