{
  "username": "fat0troll",
  "tweets": 293,
  "ownTweets": 171,
  "ownTweetsPercentage": 58.3617747440273,
  "retweets": 99,
  "retweetsPercentage": 33.78839590443686,
  "replies": 23,
  "repliesPercentage": 7.849829351535836,
  "retweeted": 19,
  "retweetedKpi": 0.11,
  "favorited": 76,
  "favoritedKpi": 0.44
}
