{
  "username": "fat0troll",
  "tweets": 55,
  "ownTweets": 25,
  "ownTweetsPercentage": 45.45454545454545,
  "retweets": 16,
  "retweetsPercentage": 29.09090909090909,
  "replies": 14,
  "repliesPercentage": 25.454545454545453,
  "retweeted": 1,
  "retweetedKpi": 0.04,
  "favorited": 13,
  "favoritedKpi": 0.52
}
