{
  "username": "fat0troll",
  "tweets": 245,
  "ownTweets": 149,
  "ownTweetsPercentage": 60.816326530612244,
  "retweets": 73,
  "retweetsPercentage": 29.795918367346935,
  "replies": 23,
  "repliesPercentage": 9.387755102040815,
  "retweeted": 17,
  "retweetedKpi": 0.11,
  "favorited": 69,
  "favoritedKpi": 0.46
}
