{
  "username": "fat0troll",
  "tweets": 556,
  "ownTweets": 281,
  "ownTweetsPercentage": 50.539568345323744,
  "retweets": 248,
  "retweetsPercentage": 44.60431654676259,
  "replies": 27,
  "repliesPercentage": 4.856115107913669,
  "retweeted": 33,
  "retweetedKpi": 0.12,
  "favorited": 142,
  "favoritedKpi": 0.51
}
