{
  "username": "fat0troll",
  "tweets": 257,
  "ownTweets": 155,
  "ownTweetsPercentage": 60.31128404669261,
  "retweets": 79,
  "retweetsPercentage": 30.739299610894943,
  "replies": 23,
  "repliesPercentage": 8.949416342412452,
  "retweeted": 18,
  "retweetedKpi": 0.12,
  "favorited": 72,
  "favoritedKpi": 0.46
}
