{
  "username": "fat0troll",
  "tweets": 83,
  "ownTweets": 43,
  "ownTweetsPercentage": 51.807228915662655,
  "retweets": 21,
  "retweetsPercentage": 25.30120481927711,
  "replies": 19,
  "repliesPercentage": 22.89156626506024,
  "retweeted": 4,
  "retweetedKpi": 0.09,
  "favorited": 21,
  "favoritedKpi": 0.49
}
