{
  "username": "fat0troll",
  "tweets": 282,
  "ownTweets": 166,
  "ownTweetsPercentage": 58.86524822695036,
  "retweets": 93,
  "retweetsPercentage": 32.97872340425532,
  "replies": 23,
  "repliesPercentage": 8.156028368794328,
  "retweeted": 18,
  "retweetedKpi": 0.11,
  "favorited": 73,
  "favoritedKpi": 0.44
}
