{
  "username": "fat0troll",
  "tweets": 188,
  "ownTweets": 105,
  "ownTweetsPercentage": 55.851063829787236,
  "retweets": 61,
  "retweetsPercentage": 32.4468085106383,
  "replies": 22,
  "repliesPercentage": 11.702127659574469,
  "retweeted": 15,
  "retweetedKpi": 0.14,
  "favorited": 50,
  "favoritedKpi": 0.48
}
