{
  "username": "fat0troll",
  "tweets": 494,
  "ownTweets": 240,
  "ownTweetsPercentage": 48.582995951417,
  "retweets": 231,
  "retweetsPercentage": 46.76113360323886,
  "replies": 23,
  "repliesPercentage": 4.655870445344129,
  "retweeted": 32,
  "retweetedKpi": 0.13,
  "favorited": 130,
  "favoritedKpi": 0.54
}
