{
  "username": "fat0troll",
  "tweets": 178,
  "ownTweets": 102,
  "ownTweetsPercentage": 57.30337078651685,
  "retweets": 54,
  "retweetsPercentage": 30.337078651685392,
  "replies": 22,
  "repliesPercentage": 12.359550561797752,
  "retweeted": 12,
  "retweetedKpi": 0.12,
  "favorited": 48,
  "favoritedKpi": 0.47
}
