{
  "username": "fodoj",
  "tweets": 276,
  "ownTweets": 31,
  "ownTweetsPercentage": 11.231884057971016,
  "retweets": 146,
  "retweetsPercentage": 52.89855072463769,
  "replies": 99,
  "repliesPercentage": 35.869565217391305,
  "retweeted": 13,
  "retweetedKpi": 0.42,
  "favorited": 17,
  "favoritedKpi": 0.55
}
