{
  "username": "fodoj",
  "tweets": 169,
  "ownTweets": 22,
  "ownTweetsPercentage": 13.017751479289942,
  "retweets": 86,
  "retweetsPercentage": 50.887573964497044,
  "replies": 61,
  "repliesPercentage": 36.09467455621302,
  "retweeted": 7,
  "retweetedKpi": 0.32,
  "favorited": 7,
  "favoritedKpi": 0.32
}
