{
  "username": "fodoj",
  "tweets": 419,
  "ownTweets": 63,
  "ownTweetsPercentage": 15.03579952267303,
  "retweets": 215,
  "retweetsPercentage": 51.3126491646778,
  "replies": 141,
  "repliesPercentage": 33.65155131264916,
  "retweeted": 29,
  "retweetedKpi": 0.46,
  "favorited": 43,
  "favoritedKpi": 0.68
}
