{
  "username": "fodoj",
  "tweets": 426,
  "ownTweets": 68,
  "ownTweetsPercentage": 15.962441314553992,
  "retweets": 216,
  "retweetsPercentage": 50.70422535211268,
  "replies": 142,
  "repliesPercentage": 33.333333333333336,
  "retweeted": 30,
  "retweetedKpi": 0.44,
  "favorited": 55,
  "favoritedKpi": 0.81
}
