{
  "username": "fodoj",
  "tweets": 286,
  "ownTweets": 32,
  "ownTweetsPercentage": 11.18881118881119,
  "retweets": 154,
  "retweetsPercentage": 53.84615384615385,
  "replies": 100,
  "repliesPercentage": 34.96503496503497,
  "retweeted": 14,
  "retweetedKpi": 0.44,
  "favorited": 17,
  "favoritedKpi": 0.53
}
