{
  "username": "fodoj",
  "tweets": 265,
  "ownTweets": 28,
  "ownTweetsPercentage": 10.566037735849058,
  "retweets": 139,
  "retweetsPercentage": 52.45283018867925,
  "replies": 98,
  "repliesPercentage": 36.9811320754717,
  "retweeted": 13,
  "retweetedKpi": 0.46,
  "favorited": 12,
  "favoritedKpi": 0.43
}
