{
  "username": "fxposter",
  "tweets": 184,
  "ownTweets": 105,
  "ownTweetsPercentage": 57.065217391304344,
  "retweets": 34,
  "retweetsPercentage": 18.478260869565215,
  "replies": 45,
  "repliesPercentage": 24.456521739130434,
  "retweeted": 8,
  "retweetedKpi": 0.08,
  "favorited": 120,
  "favoritedKpi": 1.14
}
