{
  "username": "fxposter",
  "tweets": 253,
  "ownTweets": 128,
  "ownTweetsPercentage": 50.59288537549408,
  "retweets": 53,
  "retweetsPercentage": 20.948616600790515,
  "replies": 72,
  "repliesPercentage": 28.458498023715418,
  "retweeted": 10,
  "retweetedKpi": 0.08,
  "favorited": 136,
  "favoritedKpi": 1.06
}
