{
  "username": "fxposter",
  "tweets": 243,
  "ownTweets": 122,
  "ownTweetsPercentage": 50.205761316872426,
  "retweets": 51,
  "retweetsPercentage": 20.98765432098765,
  "replies": 70,
  "repliesPercentage": 28.806584362139915,
  "retweeted": 10,
  "retweetedKpi": 0.08,
  "favorited": 133,
  "favoritedKpi": 1.09
}
