{
  "username": "fxposter",
  "tweets": 346,
  "ownTweets": 152,
  "ownTweetsPercentage": 43.93063583815029,
  "retweets": 87,
  "retweetsPercentage": 25.14450867052023,
  "replies": 107,
  "repliesPercentage": 30.92485549132948,
  "retweeted": 11,
  "retweetedKpi": 0.07,
  "favorited": 140,
  "favoritedKpi": 0.92
}
