{
  "username": "fxposter",
  "tweets": 444,
  "ownTweets": 214,
  "ownTweetsPercentage": 48.19819819819819,
  "retweets": 104,
  "retweetsPercentage": 23.423423423423422,
  "replies": 126,
  "repliesPercentage": 28.378378378378375,
  "retweeted": 15,
  "retweetedKpi": 0.07,
  "favorited": 172,
  "favoritedKpi": 0.8
}
