{
  "username": "g3d",
  "tweets": 87,
  "ownTweets": 26,
  "ownTweetsPercentage": 29.885057471264368,
  "retweets": 22,
  "retweetsPercentage": 25.28735632183908,
  "replies": 39,
  "repliesPercentage": 44.827586206896555,
  "retweeted": 5,
  "retweetedKpi": 0.19,
  "favorited": 11,
  "favoritedKpi": 0.42
}
