{
  "username": "g3d",
  "tweets": 90,
  "ownTweets": 29,
  "ownTweetsPercentage": 32.22222222222222,
  "retweets": 22,
  "retweetsPercentage": 24.444444444444443,
  "replies": 39,
  "repliesPercentage": 43.333333333333336,
  "retweeted": 6,
  "retweetedKpi": 0.21,
  "favorited": 23,
  "favoritedKpi": 0.79
}
