{
  "username": "g3d",
  "tweets": 41,
  "ownTweets": 13,
  "ownTweetsPercentage": 31.707317073170735,
  "retweets": 9,
  "retweetsPercentage": 21.951219512195124,
  "replies": 19,
  "repliesPercentage": 46.34146341463415,
  "retweeted": 1,
  "retweetedKpi": 0.08,
  "favorited": 3,
  "favoritedKpi": 0.23
}
