{
  "username": "g3d",
  "tweets": 78,
  "ownTweets": 22,
  "ownTweetsPercentage": 28.205128205128204,
  "retweets": 21,
  "retweetsPercentage": 26.923076923076923,
  "replies": 35,
  "repliesPercentage": 44.87179487179487,
  "retweeted": 5,
  "retweetedKpi": 0.23,
  "favorited": 10,
  "favoritedKpi": 0.45
}
