{
  "username": "gaar4ica",
  "tweets": 56,
  "ownTweets": 26,
  "ownTweetsPercentage": 46.42857142857142,
  "retweets": 12,
  "retweetsPercentage": 21.428571428571427,
  "replies": 18,
  "repliesPercentage": 32.14285714285714,
  "retweeted": 4,
  "retweetedKpi": 0.15,
  "favorited": 48,
  "favoritedKpi": 1.85
}
