{
  "username": "gaar4ica",
  "tweets": 122,
  "ownTweets": 45,
  "ownTweetsPercentage": 36.885245901639344,
  "retweets": 19,
  "retweetsPercentage": 15.573770491803279,
  "replies": 58,
  "repliesPercentage": 47.540983606557376,
  "retweeted": 9,
  "retweetedKpi": 0.2,
  "favorited": 79,
  "favoritedKpi": 1.76
}
