{
  "username": "gaar4ica",
  "tweets": 162,
  "ownTweets": 60,
  "ownTweetsPercentage": 37.03703703703704,
  "retweets": 22,
  "retweetsPercentage": 13.580246913580247,
  "replies": 80,
  "repliesPercentage": 49.382716049382715,
  "retweeted": 53,
  "retweetedKpi": 0.88,
  "favorited": 129,
  "favoritedKpi": 2.15
}
