{
  "username": "gaar4ica",
  "tweets": 152,
  "ownTweets": 52,
  "ownTweetsPercentage": 34.21052631578947,
  "retweets": 22,
  "retweetsPercentage": 14.473684210526315,
  "replies": 78,
  "repliesPercentage": 51.31578947368421,
  "retweeted": 16,
  "retweetedKpi": 0.31,
  "favorited": 93,
  "favoritedKpi": 1.79
}
