{
  "username": "gaar4ica",
  "tweets": 95,
  "ownTweets": 39,
  "ownTweetsPercentage": 41.05263157894737,
  "retweets": 17,
  "retweetsPercentage": 17.894736842105264,
  "replies": 39,
  "repliesPercentage": 41.05263157894737,
  "retweeted": 6,
  "retweetedKpi": 0.15,
  "favorited": 67,
  "favoritedKpi": 1.72
}
