{
  "username": "gaar4ica",
  "tweets": 154,
  "ownTweets": 54,
  "ownTweetsPercentage": 35.064935064935064,
  "retweets": 22,
  "retweetsPercentage": 14.285714285714285,
  "replies": 78,
  "repliesPercentage": 50.64935064935065,
  "retweeted": 47,
  "retweetedKpi": 0.87,
  "favorited": 111,
  "favoritedKpi": 2.06
}
