{
  "username": "inem",
  "tweets": 612,
  "ownTweets": 135,
  "ownTweetsPercentage": 22.058823529411764,
  "retweets": 271,
  "retweetsPercentage": 44.28104575163399,
  "replies": 206,
  "repliesPercentage": 33.66013071895425,
  "retweeted": 56,
  "retweetedKpi": 0.41,
  "favorited": 111,
  "favoritedKpi": 0.82
}
