{
  "username": "inem",
  "tweets": 649,
  "ownTweets": 165,
  "ownTweetsPercentage": 25.423728813559322,
  "retweets": 277,
  "retweetsPercentage": 42.68104776579353,
  "replies": 207,
  "repliesPercentage": 31.89522342064715,
  "retweeted": 63,
  "retweetedKpi": 0.38,
  "favorited": 132,
  "favoritedKpi": 0.8
}
