{
  "username": "inem",
  "tweets": 141,
  "ownTweets": 49,
  "ownTweetsPercentage": 34.751773049645394,
  "retweets": 23,
  "retweetsPercentage": 16.312056737588655,
  "replies": 69,
  "repliesPercentage": 48.93617021276596,
  "retweeted": 27,
  "retweetedKpi": 0.55,
  "favorited": 41,
  "favoritedKpi": 0.84
}
