{
  "username": "KELiON",
  "tweets": 81,
  "ownTweets": 63,
  "ownTweetsPercentage": 77.77777777777777,
  "retweets": 12,
  "retweetsPercentage": 14.814814814814813,
  "replies": 6,
  "repliesPercentage": 7.4074074074074066,
  "retweeted": 14,
  "retweetedKpi": 0.22,
  "favorited": 69,
  "favoritedKpi": 1.1
}
