{
  "username": "kirillgorin",
  "tweets": 161,
  "ownTweets": 33,
  "ownTweetsPercentage": 20.496894409937887,
  "retweets": 64,
  "retweetsPercentage": 39.75155279503105,
  "replies": 64,
  "repliesPercentage": 39.75155279503105,
  "retweeted": 13,
  "retweetedKpi": 0.39,
  "favorited": 35,
  "favoritedKpi": 1.06
}
