{
  "username": "kirshatrov",
  "tweets": 122,
  "ownTweets": 50,
  "ownTweetsPercentage": 40.98360655737705,
  "retweets": 40,
  "retweetsPercentage": 32.78688524590164,
  "replies": 32,
  "repliesPercentage": 26.229508196721312,
  "retweeted": 29,
  "retweetedKpi": 0.58,
  "favorited": 89,
  "favoritedKpi": 1.78
}
