{
  "username": "kirshatrov",
  "tweets": 37,
  "ownTweets": 15,
  "ownTweetsPercentage": 40.54054054054054,
  "retweets": 10,
  "retweetsPercentage": 27.027027027027028,
  "replies": 12,
  "repliesPercentage": 32.432432432432435,
  "retweeted": 5,
  "retweetedKpi": 0.33,
  "favorited": 14,
  "favoritedKpi": 0.93
}
