{
  "username": "kirshatrov",
  "tweets": 202,
  "ownTweets": 87,
  "ownTweetsPercentage": 43.06930693069307,
  "retweets": 61,
  "retweetsPercentage": 30.198019801980198,
  "replies": 54,
  "repliesPercentage": 26.73267326732673,
  "retweeted": 51,
  "retweetedKpi": 0.59,
  "favorited": 199,
  "favoritedKpi": 2.29
}
