{
  "username": "kirshatrov",
  "tweets": 110,
  "ownTweets": 45,
  "ownTweetsPercentage": 40.90909090909091,
  "retweets": 36,
  "retweetsPercentage": 32.72727272727273,
  "replies": 29,
  "repliesPercentage": 26.36363636363636,
  "retweeted": 21,
  "retweetedKpi": 0.47,
  "favorited": 87,
  "favoritedKpi": 1.93
}
