{
  "username": "kirshatrov",
  "tweets": 107,
  "ownTweets": 45,
  "ownTweetsPercentage": 42.05607476635514,
  "retweets": 35,
  "retweetsPercentage": 32.71028037383177,
  "replies": 27,
  "repliesPercentage": 25.233644859813083,
  "retweeted": 21,
  "retweetedKpi": 0.47,
  "favorited": 87,
  "favoritedKpi": 1.93
}
