{
  "username": "kirshatrov",
  "tweets": 72,
  "ownTweets": 25,
  "ownTweetsPercentage": 34.72222222222222,
  "retweets": 26,
  "retweetsPercentage": 36.111111111111114,
  "replies": 21,
  "repliesPercentage": 29.166666666666668,
  "retweeted": 12,
  "retweetedKpi": 0.48,
  "favorited": 40,
  "favoritedKpi": 1.6
}
