{
  "username": "kirshatrov",
  "tweets": 122,
  "ownTweets": 50,
  "ownTweetsPercentage": 40.98360655737705,
  "retweets": 40,
  "retweetsPercentage": 32.78688524590164,
  "replies": 32,
  "repliesPercentage": 26.229508196721312,
  "retweeted": 28,
  "retweetedKpi": 0.56,
  "favorited": 88,
  "favoritedKpi": 1.76
}
