{
  "username": "kirshatrov",
  "tweets": 146,
  "ownTweets": 59,
  "ownTweetsPercentage": 40.41095890410959,
  "retweets": 47,
  "retweetsPercentage": 32.19178082191781,
  "replies": 40,
  "repliesPercentage": 27.397260273972602,
  "retweeted": 37,
  "retweetedKpi": 0.63,
  "favorited": 142,
  "favoritedKpi": 2.41
}
