{
  "username": "leopard_me",
  "tweets": 264,
  "ownTweets": 26,
  "ownTweetsPercentage": 9.848484848484848,
  "retweets": 116,
  "retweetsPercentage": 43.93939393939394,
  "replies": 122,
  "repliesPercentage": 46.21212121212121,
  "retweeted": 8,
  "retweetedKpi": 0.31,
  "favorited": 25,
  "favoritedKpi": 0.96
}
