{
  "username": "leopard_me",
  "tweets": 586,
  "ownTweets": 53,
  "ownTweetsPercentage": 9.044368600682594,
  "retweets": 269,
  "retweetsPercentage": 45.90443686006826,
  "replies": 264,
  "repliesPercentage": 45.051194539249146,
  "retweeted": 17,
  "retweetedKpi": 0.32,
  "favorited": 100,
  "favoritedKpi": 1.89
}
