{
  "username": "leopard_me",
  "tweets": 425,
  "ownTweets": 41,
  "ownTweetsPercentage": 9.647058823529411,
  "retweets": 196,
  "retweetsPercentage": 46.11764705882353,
  "replies": 188,
  "repliesPercentage": 44.23529411764706,
  "retweeted": 11,
  "retweetedKpi": 0.27,
  "favorited": 54,
  "favoritedKpi": 1.32
}
