{
  "username": "leopard_me",
  "tweets": 221,
  "ownTweets": 22,
  "ownTweetsPercentage": 9.95475113122172,
  "retweets": 93,
  "retweetsPercentage": 42.081447963800905,
  "replies": 106,
  "repliesPercentage": 47.963800904977376,
  "retweeted": 7,
  "retweetedKpi": 0.32,
  "favorited": 20,
  "favoritedKpi": 0.91
}
