{
  "username": "leopard_me",
  "tweets": 602,
  "ownTweets": 55,
  "ownTweetsPercentage": 9.136212624584719,
  "retweets": 276,
  "retweetsPercentage": 45.847176079734226,
  "replies": 271,
  "repliesPercentage": 45.01661129568107,
  "retweeted": 18,
  "retweetedKpi": 0.33,
  "favorited": 102,
  "favoritedKpi": 1.85
}
