{
  "username": "leopard_me",
  "tweets": 598,
  "ownTweets": 54,
  "ownTweetsPercentage": 9.03010033444816,
  "retweets": 275,
  "retweetsPercentage": 45.986622073578594,
  "replies": 269,
  "repliesPercentage": 44.98327759197324,
  "retweeted": 17,
  "retweetedKpi": 0.31,
  "favorited": 100,
  "favoritedKpi": 1.85
}
