{
  "username": "mogilnikov",
  "tweets": 103,
  "ownTweets": 42,
  "ownTweetsPercentage": 40.77669902912621,
  "retweets": 13,
  "retweetsPercentage": 12.62135922330097,
  "replies": 48,
  "repliesPercentage": 46.601941747572816,
  "retweeted": 24,
  "retweetedKpi": 0.57,
  "favorited": 32,
  "favoritedKpi": 0.76
}
