{
  "username": "mogilnikov",
  "tweets": 119,
  "ownTweets": 46,
  "ownTweetsPercentage": 38.655462184873954,
  "retweets": 25,
  "retweetsPercentage": 21.008403361344538,
  "replies": 48,
  "repliesPercentage": 40.33613445378151,
  "retweeted": 25,
  "retweetedKpi": 0.54,
  "favorited": 35,
  "favoritedKpi": 0.76
}
