{
  "username": "mogilnikov",
  "tweets": 141,
  "ownTweets": 50,
  "ownTweetsPercentage": 35.46099290780142,
  "retweets": 35,
  "retweetsPercentage": 24.822695035460995,
  "replies": 56,
  "repliesPercentage": 39.71631205673759,
  "retweeted": 27,
  "retweetedKpi": 0.54,
  "favorited": 40,
  "favoritedKpi": 0.8
}
