{
  "username": "mpak999",
  "tweets": 205,
  "ownTweets": 32,
  "ownTweetsPercentage": 15.609756097560977,
  "retweets": 76,
  "retweetsPercentage": 37.07317073170732,
  "replies": 97,
  "repliesPercentage": 47.31707317073171,
  "retweeted": 12,
  "retweetedKpi": 0.38,
  "favorited": 116,
  "favoritedKpi": 3.63
}
