{
  "username": "mpak999",
  "tweets": 57,
  "ownTweets": 13,
  "ownTweetsPercentage": 22.80701754385965,
  "retweets": 20,
  "retweetsPercentage": 35.08771929824562,
  "replies": 24,
  "repliesPercentage": 42.10526315789474,
  "retweeted": 2,
  "retweetedKpi": 0.15,
  "favorited": 10,
  "favoritedKpi": 0.77
}
