{
  "username": "mpak999",
  "tweets": 311,
  "ownTweets": 69,
  "ownTweetsPercentage": 22.186495176848876,
  "retweets": 122,
  "retweetsPercentage": 39.228295819935695,
  "replies": 120,
  "repliesPercentage": 38.58520900321543,
  "retweeted": 14,
  "retweetedKpi": 0.2,
  "favorited": 280,
  "favoritedKpi": 4.06
}
