{
  "username": "mpak999",
  "tweets": 178,
  "ownTweets": 25,
  "ownTweetsPercentage": 14.044943820224718,
  "retweets": 66,
  "retweetsPercentage": 37.07865168539326,
  "replies": 87,
  "repliesPercentage": 48.87640449438202,
  "retweeted": 11,
  "retweetedKpi": 0.44,
  "favorited": 73,
  "favoritedKpi": 2.92
}
