{
  "username": "mpak999",
  "tweets": 93,
  "ownTweets": 14,
  "ownTweetsPercentage": 15.053763440860214,
  "retweets": 34,
  "retweetsPercentage": 36.55913978494623,
  "replies": 45,
  "repliesPercentage": 48.387096774193544,
  "retweeted": 6,
  "retweetedKpi": 0.43,
  "favorited": 18,
  "favoritedKpi": 1.29
}
