{
  "username": "mpak999",
  "tweets": 162,
  "ownTweets": 21,
  "ownTweetsPercentage": 12.962962962962962,
  "retweets": 63,
  "retweetsPercentage": 38.888888888888886,
  "replies": 78,
  "repliesPercentage": 48.148148148148145,
  "retweeted": 10,
  "retweetedKpi": 0.48,
  "favorited": 55,
  "favoritedKpi": 2.62
}
