{
  "username": "pismenny",
  "tweets": 177,
  "ownTweets": 86,
  "ownTweetsPercentage": 48.58757062146893,
  "retweets": 28,
  "retweetsPercentage": 15.819209039548022,
  "replies": 63,
  "repliesPercentage": 35.59322033898305,
  "retweeted": 77,
  "retweetedKpi": 0.9,
  "favorited": 210,
  "favoritedKpi": 2.44
}
