{
  "username": "pismenny",
  "tweets": 145,
  "ownTweets": 78,
  "ownTweetsPercentage": 53.793103448275865,
  "retweets": 17,
  "retweetsPercentage": 11.724137931034484,
  "replies": 50,
  "repliesPercentage": 34.48275862068966,
  "retweeted": 52,
  "retweetedKpi": 0.67,
  "favorited": 176,
  "favoritedKpi": 2.26
}
