{
  "username": "pismenny",
  "tweets": 144,
  "ownTweets": 77,
  "ownTweetsPercentage": 53.47222222222222,
  "retweets": 17,
  "retweetsPercentage": 11.805555555555555,
  "replies": 50,
  "repliesPercentage": 34.72222222222222,
  "retweeted": 52,
  "retweetedKpi": 0.68,
  "favorited": 176,
  "favoritedKpi": 2.29
}
