{
  "username": "ptico",
  "tweets": 174,
  "ownTweets": 76,
  "ownTweetsPercentage": 43.67816091954023,
  "retweets": 23,
  "retweetsPercentage": 13.218390804597702,
  "replies": 75,
  "repliesPercentage": 43.10344827586207,
  "retweeted": 53,
  "retweetedKpi": 0.7,
  "favorited": 57,
  "favoritedKpi": 0.75
}
