{
  "username": "ptico",
  "tweets": 293,
  "ownTweets": 127,
  "ownTweetsPercentage": 43.34470989761092,
  "retweets": 35,
  "retweetsPercentage": 11.945392491467576,
  "replies": 131,
  "repliesPercentage": 44.7098976109215,
  "retweeted": 72,
  "retweetedKpi": 0.57,
  "favorited": 73,
  "favoritedKpi": 0.57
}
