{
  "username": "ptico",
  "tweets": 277,
  "ownTweets": 123,
  "ownTweetsPercentage": 44.4043321299639,
  "retweets": 30,
  "retweetsPercentage": 10.830324909747292,
  "replies": 124,
  "repliesPercentage": 44.765342960288805,
  "retweeted": 71,
  "retweetedKpi": 0.58,
  "favorited": 72,
  "favoritedKpi": 0.59
}
