{
  "username": "ptico",
  "tweets": 123,
  "ownTweets": 58,
  "ownTweetsPercentage": 47.15447154471545,
  "retweets": 17,
  "retweetsPercentage": 13.821138211382115,
  "replies": 48,
  "repliesPercentage": 39.02439024390244,
  "retweeted": 39,
  "retweetedKpi": 0.67,
  "favorited": 35,
  "favoritedKpi": 0.6
}
