{
  "username": "ptico",
  "tweets": 124,
  "ownTweets": 59,
  "ownTweetsPercentage": 47.58064516129032,
  "retweets": 17,
  "retweetsPercentage": 13.709677419354838,
  "replies": 48,
  "repliesPercentage": 38.70967741935484,
  "retweeted": 39,
  "retweetedKpi": 0.66,
  "favorited": 35,
  "favoritedKpi": 0.59
}
