{
  "username": "ptico",
  "tweets": 267,
  "ownTweets": 118,
  "ownTweetsPercentage": 44.19475655430712,
  "retweets": 27,
  "retweetsPercentage": 10.112359550561798,
  "replies": 122,
  "repliesPercentage": 45.69288389513109,
  "retweeted": 71,
  "retweetedKpi": 0.6,
  "favorited": 71,
  "favoritedKpi": 0.6
}
