{
  "username": "ptico",
  "tweets": 94,
  "ownTweets": 44,
  "ownTweetsPercentage": 46.808510638297875,
  "retweets": 14,
  "retweetsPercentage": 14.893617021276597,
  "replies": 36,
  "repliesPercentage": 38.297872340425535,
  "retweeted": 34,
  "retweetedKpi": 0.77,
  "favorited": 19,
  "favoritedKpi": 0.43
}
