{
  "username": "rainrb",
  "tweets": 518,
  "ownTweets": 48,
  "ownTweetsPercentage": 9.266409266409267,
  "retweets": 273,
  "retweetsPercentage": 52.70270270270271,
  "replies": 197,
  "repliesPercentage": 38.030888030888036,
  "retweeted": 18,
  "retweetedKpi": 0.38,
  "favorited": 8,
  "favoritedKpi": 0.17
}
