{
  "username": "shiroginne",
  "tweets": 323,
  "ownTweets": 132,
  "ownTweetsPercentage": 40.86687306501548,
  "retweets": 79,
  "retweetsPercentage": 24.458204334365327,
  "replies": 112,
  "repliesPercentage": 34.6749226006192,
  "retweeted": 25,
  "retweetedKpi": 0.19,
  "favorited": 26,
  "favoritedKpi": 0.2
}
