{
  "username": "shiroginne",
  "tweets": 158,
  "ownTweets": 55,
  "ownTweetsPercentage": 34.81012658227848,
  "retweets": 42,
  "retweetsPercentage": 26.582278481012658,
  "replies": 61,
  "repliesPercentage": 38.60759493670886,
  "retweeted": 8,
  "retweetedKpi": 0.15,
  "favorited": 10,
  "favoritedKpi": 0.18
}
