{
  "username": "shiroginne",
  "tweets": 339,
  "ownTweets": 139,
  "ownTweetsPercentage": 41.00294985250737,
  "retweets": 88,
  "retweetsPercentage": 25.958702064896755,
  "replies": 112,
  "repliesPercentage": 33.03834808259587,
  "retweeted": 25,
  "retweetedKpi": 0.18,
  "favorited": 26,
  "favoritedKpi": 0.19
}
