{
  "username": "shiroginne",
  "tweets": 443,
  "ownTweets": 197,
  "ownTweetsPercentage": 44.46952595936795,
  "retweets": 107,
  "retweetsPercentage": 24.15349887133183,
  "replies": 139,
  "repliesPercentage": 31.376975169300227,
  "retweeted": 30,
  "retweetedKpi": 0.15,
  "favorited": 50,
  "favoritedKpi": 0.25
}
