{
  "username": "shiroginne",
  "tweets": 363,
  "ownTweets": 155,
  "ownTweetsPercentage": 42.69972451790634,
  "retweets": 92,
  "retweetsPercentage": 25.344352617079892,
  "replies": 116,
  "repliesPercentage": 31.955922865013775,
  "retweeted": 26,
  "retweetedKpi": 0.17,
  "favorited": 33,
  "favoritedKpi": 0.21
}
