{
  "username": "shiroginne",
  "tweets": 205,
  "ownTweets": 73,
  "ownTweetsPercentage": 35.609756097560975,
  "retweets": 58,
  "retweetsPercentage": 28.292682926829272,
  "replies": 74,
  "repliesPercentage": 36.09756097560976,
  "retweeted": 13,
  "retweetedKpi": 0.18,
  "favorited": 14,
  "favoritedKpi": 0.19
}
