{
  "username": "shiroginne",
  "tweets": 469,
  "ownTweets": 209,
  "ownTweetsPercentage": 44.56289978678038,
  "retweets": 120,
  "retweetsPercentage": 25.586353944562898,
  "replies": 140,
  "repliesPercentage": 29.850746268656714,
  "retweeted": 30,
  "retweetedKpi": 0.14,
  "favorited": 50,
  "favoritedKpi": 0.24
}
