{
  "username": "shiroginne",
  "tweets": 263,
  "ownTweets": 104,
  "ownTweetsPercentage": 39.543726235741445,
  "retweets": 65,
  "retweetsPercentage": 24.714828897338403,
  "replies": 94,
  "repliesPercentage": 35.741444866920155,
  "retweeted": 16,
  "retweetedKpi": 0.15,
  "favorited": 18,
  "favoritedKpi": 0.17
}
