{
  "username": "shiroginne",
  "tweets": 197,
  "ownTweets": 70,
  "ownTweetsPercentage": 35.53299492385787,
  "retweets": 56,
  "retweetsPercentage": 28.426395939086294,
  "replies": 71,
  "repliesPercentage": 36.04060913705584,
  "retweeted": 11,
  "retweetedKpi": 0.16,
  "favorited": 12,
  "favoritedKpi": 0.17
}
