{
  "username": "shiroginne",
  "tweets": 289,
  "ownTweets": 111,
  "ownTweetsPercentage": 38.40830449826989,
  "retweets": 73,
  "retweetsPercentage": 25.259515570934255,
  "replies": 105,
  "repliesPercentage": 36.332179930795846,
  "retweeted": 20,
  "retweetedKpi": 0.18,
  "favorited": 23,
  "favoritedKpi": 0.21
}
