{
  "username": "shiroginne",
  "tweets": 470,
  "ownTweets": 210,
  "ownTweetsPercentage": 44.680851063829785,
  "retweets": 120,
  "retweetsPercentage": 25.53191489361702,
  "replies": 140,
  "repliesPercentage": 29.78723404255319,
  "retweeted": 30,
  "retweetedKpi": 0.14,
  "favorited": 50,
  "favoritedKpi": 0.24
}
