{
  "username": "suxxes",
  "tweets": 409,
  "ownTweets": 81,
  "ownTweetsPercentage": 19.804400977995112,
  "retweets": 233,
  "retweetsPercentage": 56.96821515892421,
  "replies": 95,
  "repliesPercentage": 23.227383863080686,
  "retweeted": 20,
  "retweetedKpi": 0.25,
  "favorited": 11,
  "favoritedKpi": 0.14
}
