{
  "username": "suxxes",
  "tweets": 408,
  "ownTweets": 80,
  "ownTweetsPercentage": 19.607843137254903,
  "retweets": 233,
  "retweetsPercentage": 57.1078431372549,
  "replies": 95,
  "repliesPercentage": 23.284313725490197,
  "retweeted": 19,
  "retweetedKpi": 0.24,
  "favorited": 11,
  "favoritedKpi": 0.14
}
