{
  "username": "suxxes",
  "tweets": 370,
  "ownTweets": 70,
  "ownTweetsPercentage": 18.91891891891892,
  "retweets": 215,
  "retweetsPercentage": 58.108108108108105,
  "replies": 85,
  "repliesPercentage": 22.972972972972972,
  "retweeted": 18,
  "retweetedKpi": 0.26,
  "favorited": 10,
  "favoritedKpi": 0.14
}
