{
  "username": "vazilla",
  "tweets": 53,
  "ownTweets": 37,
  "ownTweetsPercentage": 69.81132075471697,
  "retweets": 13,
  "retweetsPercentage": 24.528301886792452,
  "replies": 3,
  "repliesPercentage": 5.660377358490566,
  "retweeted": 14,
  "retweetedKpi": 0.38,
  "favorited": 70,
  "favoritedKpi": 1.89
}
