{
  "username": "vazilla",
  "tweets": 54,
  "ownTweets": 37,
  "ownTweetsPercentage": 68.51851851851852,
  "retweets": 14,
  "retweetsPercentage": 25.925925925925924,
  "replies": 3,
  "repliesPercentage": 5.555555555555555,
  "retweeted": 15,
  "retweetedKpi": 0.41,
  "favorited": 80,
  "favoritedKpi": 2.16
}
