{
  "username": "vazilla",
  "tweets": 105,
  "ownTweets": 45,
  "ownTweetsPercentage": 42.857142857142854,
  "retweets": 51,
  "retweetsPercentage": 48.57142857142857,
  "replies": 9,
  "repliesPercentage": 8.571428571428571,
  "retweeted": 17,
  "retweetedKpi": 0.38,
  "favorited": 87,
  "favoritedKpi": 1.93
}
