{
  "username": "vazilla",
  "tweets": 124,
  "ownTweets": 54,
  "ownTweetsPercentage": 43.54838709677419,
  "retweets": 59,
  "retweetsPercentage": 47.58064516129032,
  "replies": 11,
  "repliesPercentage": 8.870967741935484,
  "retweeted": 18,
  "retweetedKpi": 0.33,
  "favorited": 99,
  "favoritedKpi": 1.83
}
