{
  "username": "zzetorg",
  "tweets": 178,
  "ownTweets": 60,
  "ownTweetsPercentage": 33.70786516853933,
  "retweets": 57,
  "retweetsPercentage": 32.02247191011236,
  "replies": 61,
  "repliesPercentage": 34.26966292134831,
  "retweeted": 14,
  "retweetedKpi": 0.23,
  "favorited": 19,
  "favoritedKpi": 0.32
}
