{
  "username": "zzetorg",
  "tweets": 177,
  "ownTweets": 60,
  "ownTweetsPercentage": 33.898305084745765,
  "retweets": 56,
  "retweetsPercentage": 31.638418079096045,
  "replies": 61,
  "repliesPercentage": 34.463276836158194,
  "retweeted": 14,
  "retweetedKpi": 0.23,
  "favorited": 19,
  "favoritedKpi": 0.32
}
