{
  "username": "zzetorg",
  "tweets": 123,
  "ownTweets": 39,
  "ownTweetsPercentage": 31.70731707317073,
  "retweets": 44,
  "retweetsPercentage": 35.77235772357724,
  "replies": 40,
  "repliesPercentage": 32.520325203252035,
  "retweeted": 13,
  "retweetedKpi": 0.33,
  "favorited": 14,
  "favoritedKpi": 0.36
}
