{
  "username": "zzetorg",
  "tweets": 234,
  "ownTweets": 87,
  "ownTweetsPercentage": 37.17948717948718,
  "retweets": 73,
  "retweetsPercentage": 31.1965811965812,
  "replies": 74,
  "repliesPercentage": 31.623931623931625,
  "retweeted": 17,
  "retweetedKpi": 0.2,
  "favorited": 28,
  "favoritedKpi": 0.32
}
