{
  "username": "zzetorg",
  "tweets": 161,
  "ownTweets": 51,
  "ownTweetsPercentage": 31.67701863354037,
  "retweets": 53,
  "retweetsPercentage": 32.91925465838509,
  "replies": 57,
  "repliesPercentage": 35.40372670807453,
  "retweeted": 14,
  "retweetedKpi": 0.27,
  "favorited": 19,
  "favoritedKpi": 0.37
}
