{
  "username": "zzetorg",
  "tweets": 243,
  "ownTweets": 92,
  "ownTweetsPercentage": 37.86008230452675,
  "retweets": 76,
  "retweetsPercentage": 31.27572016460905,
  "replies": 75,
  "repliesPercentage": 30.864197530864196,
  "retweeted": 17,
  "retweetedKpi": 0.18,
  "favorited": 30,
  "favoritedKpi": 0.33
}
