{
  "username": "zzetorg",
  "tweets": 133,
  "ownTweets": 45,
  "ownTweetsPercentage": 33.83458646616541,
  "retweets": 47,
  "retweetsPercentage": 35.338345864661655,
  "replies": 41,
  "repliesPercentage": 30.82706766917293,
  "retweeted": 13,
  "retweetedKpi": 0.29,
  "favorited": 19,
  "favoritedKpi": 0.42
}
